Order_ID,Rider_ID,Time_to_Dispatch_min,Time_in_Transit_min,Delivery_Pincode,Delivery_Status
2b29743d-f3d9-412d-b53f-4976dbb0ec05,1070,20,118,110053,Late
97d46776-0ee1-44b6-aa07-7cfca5a972b7,1091,10,105,110068,On-Time
2117914b-3952-494f-99d6-ae1eed936075,1079,44,101,110033,On-Time
d4e0125f-796e-4610-9666-52fd8dff4afa,1082,41,49,110072,Late
5c097cee-d66d-4da0-a7a6-180043b3b567,1042,9,92,110061,On-Time
02239c8a-9e7c-42d7-89bc-b6e2fd16d7b9,1074,59,16,110049,On-Time
a5bee408-c4b8-488b-bed9-f044add8914f,1073,38,21,110029,On-Time
41c693bd-32fd-4466-9b19-1b04c2459328,1059,21,46,110038,On-Time
272f2eb0-ba98-4d29-9344-ff17d736605b,1006,15,119,110057,On-Time
d16b36c5-808a-4273-8960-1c9f7e0874c1,1092,24,25,110039,On-Time
c1ea375c-0547-46db-92d1-f2961f80a0d8,1033,20,35,110093,On-Time
89c0690c-a06e-4cfa-8685-ab5b699649b5,1058,24,21,110097,On-Time
bef32e29-b19f-4d80-99b8-e9d3788d585e,1030,44,66,110031,On-Time
8071d1d0-dd75-4491-a2af-72b3927c9d1c,1028,15,25,110003,Late
3e54d335-aa96-46c5-89cf-0c2f6f95fd70,1010,57,109,110075,Late
36a7d278-b376-48f1-9a62-5dcfa1bfdb4c,1039,55,89,110004,On-Time
5065784e-5b9a-447b-bce3-c6815d6d7956,1070,22,103,110090,On-Time
25df5d73-d6b2-4f9a-a1f1-9434dd06c0c8,1044,9,110,110081,On-Time
fb71a9ad-8004-4321-b915-ebf9201e30f5,1011,29,119,110038,Late
25c9692a-6d2e-4e83-b5dc-6f34e42f7c0b,1036,37,115,110079,On-Time
6e4b4494-086f-4256-be11-c8c4234ac940,1056,26,119,110035,On-Time
74efa482-0326-4054-b534-90e5f722fd61,1093,47,72,110092,Late
911f39e1-8524-4159-99f9-9ae10fe6237d,1008,17,67,110085,On-Time
fdb3f7cb-b28b-4c5d-8231-4a1272e5e335,1003,30,37,110032,Late
b0f05fcc-b80b-4f0a-ba3d-fcc20720dedc,1090,43,25,110070,On-Time
003a7bb6-d1ab-4fe4-9229-de5c30529635,1097,49,62,110071,On-Time
b92b07af-5bac-4974-a486-b9406264086e,1020,14,89,110075,On-Time
f7eda789-9d1f-4fd8-a221-89a11f18285f,1042,57,63,110074,Late
508a6adf-39a1-4e22-a1df-bb386a18814f,1054,29,86,110036,Late
e931b39b-09d5-4941-9e0b-7f3638af4ac0,1085,29,35,110057,On-Time
43c5e91b-0c0f-434a-84a0-833d85ad6bdb,1016,27,116,110013,On-Time
57ceae01-ca7c-4f56-b2ab-a48c3af36750,1067,51,33,110092,On-Time
b0a3f87b-7930-4ca1-b01c-e0b0d349c54e,1093,12,105,110092,On-Time
d801b7b3-556d-4ec1-8afd-b1172bac942b,1034,10,90,110056,On-Time
dcfb38bc-f3ad-4a9a-a489-5f84b99d5bd4,1097,21,49,110003,On-Time
dceb6d37-0728-4d0a-8955-5c5aad833943,1026,33,92,110026,On-Time
5aa2efb7-c02c-43cd-9128-d5d1cfbd55c9,1012,6,22,110035,Late
1783df4b-a323-4366-9f34-4f651419b2ad,1092,47,101,110003,Late
f8f822a3-1b88-4f14-b09b-8eca33128a18,1024,41,116,110058,Late
0c2a3c0f-dba7-4311-bc27-1eaa88aff589,1007,18,21,110036,On-Time
ed5566e8-f64d-413e-a1ae-d3633189a612,1057,15,39,110086,On-Time
c83dda4e-9e60-403b-9f9f-683e1593a8ff,1040,11,47,110007,On-Time
6ebe8774-72ac-499c-9377-d9a06e8c8e2b,1030,9,109,110089,On-Time
4514ebbd-52da-4ae2-be1e-2cad4abb9a4b,1050,35,101,110094,On-Time
d014b8bb-e86e-4be5-b048-b507de32d325,1071,49,23,110036,Late
46409fda-f212-4af2-a2c4-a1ed0419d887,1045,38,87,110094,On-Time
ef71dcfd-4e42-45a2-97d3-2ad01cbc855f,1047,47,54,110028,On-Time
b1131ec3-3a98-47fb-a74c-b197cc3286dc,1058,39,85,110023,On-Time
592e1c80-7057-48d9-abda-7eecaa1b36a5,1089,12,20,110005,On-Time
07b61437-431c-4b22-94f4-e223d2cfba6b,1091,45,44,110012,On-Time
8e607063-0a78-4e2f-b45b-277fc72072b2,1083,49,73,110040,On-Time
c1db09d4-6350-4761-a99b-540702827430,1030,46,36,110064,On-Time
6f592733-1fb5-4517-a8b9-95d1e59aaa72,1039,5,43,110016,On-Time
813d5ff1-2a74-477c-93b6-fcbe5f00050d,1042,59,62,110071,On-Time
60916bdd-5bb9-4e7b-904e-68d93b291011,1022,40,27,110024,On-Time
a765d185-6362-4ea8-b7c0-c00fa274d21b,1001,41,26,110098,On-Time
76db5a8f-36b0-439f-b986-d7df07834b11,1082,16,109,110044,On-Time
8d5a3a74-23b1-44d8-a384-1ba14e118eb5,1083,52,83,110088,On-Time
0f4a7e30-0d23-43c5-ab6d-5d933fb9970d,1007,51,74,110080,Late
c794cf51-cf2c-4f6e-a4b3-5af39d56518e,1052,22,12,110046,Late
8c57e11f-35f7-4560-8730-353462e4e26b,1006,29,61,110052,On-Time
4d5ca183-5271-4236-a28f-f8edb5d87ba9,1037,25,16,110034,On-Time
0e5f04e0-4747-4df8-8ba4-bf88e2cfd16d,1046,29,84,110089,On-Time
5559ec7a-2cd6-4e0c-9994-8f3882778c47,1082,27,40,110094,On-Time
fc67399c-5330-4210-9982-52c0b19032ac,1068,39,80,110063,On-Time
fc2ca4fb-bfd2-4023-8cc1-682faf5e17ec,1059,25,80,110018,On-Time
080885f4-ea1b-43d8-a450-e88a697db1bc,1093,52,86,110072,On-Time
503f6a69-c0ac-40c9-8319-9da93b43f5b8,1089,10,84,110023,On-Time
de227ffd-381e-4873-89bd-dd5235b222cf,1068,44,39,110092,On-Time
26a2780e-00b0-4ecd-9d48-75d18cb2181b,1090,11,112,110085,On-Time
04df26b5-c1e2-484a-b531-85690557e94c,1032,37,13,110023,On-Time
a623c25d-99a1-4c09-b669-f2007e6bee80,1046,11,82,110017,On-Time
ca4d4c85-5845-482c-b65b-1aab16e31f23,1088,59,60,110060,On-Time
6703b39e-c0ed-43b1-bea8-b208a93e46bd,1043,53,28,110055,On-Time
6ab412f6-072d-4cb5-b8e0-16ecac9ca51d,1093,43,66,110008,On-Time
f3c0d43c-1baf-48df-8a05-b86ac4cc4c23,1019,26,116,110052,Late
cee12026-6cc9-4b8e-b09a-7a34cd8d9815,1012,10,60,110004,Late
6da4758f-4c41-46f8-88fe-18cadbf3ae45,1035,22,24,110004,Late
90d00e8e-2d40-4a58-8ac8-f96ed43b03de,1095,57,53,110055,Late
b8e86b4c-7891-40f0-a70c-5ffe82d276d4,1065,50,16,110096,On-Time
299375ab-d332-450c-9637-2bba825a2599,1038,43,64,110026,On-Time
7b54528c-b2c9-4d09-9835-f09974bf3add,1035,5,38,110003,Late
f401d90b-beb7-4bd5-9dbb-e47a433df98f,1036,50,27,110076,On-Time
279053aa-ba73-401c-addf-7272f9e730a7,1048,25,31,110051,On-Time
8c2d4a44-81d8-4b6d-ba60-a5117498e7b5,1097,18,34,110049,On-Time
7a8e917c-87aa-4741-acb3-5dc05bc4e660,1005,25,84,110039,Late
92e83418-8675-4193-b8e7-a12a04a85756,1027,46,41,110049,On-Time
3e9906b8-3f2a-4143-997c-511be5c6e27a,1028,53,14,110084,On-Time
9a2153ff-f69f-4a9f-93bc-e739c5dc077d,1071,10,77,110005,On-Time
a217c57c-84e4-4c66-a66f-247b7b80efaa,1021,21,71,110022,Late
271e949f-b0b9-4020-90d0-cf87ccec7d50,1036,41,53,110025,On-Time
820f3509-e809-4c98-9080-696031c784fc,1041,22,85,110093,On-Time
1775354e-9148-4b87-9e20-ed70475af7a0,1000,40,14,110044,On-Time
5633ac8b-3cce-490f-becb-c46543973ebd,1097,54,14,110013,On-Time
9ecfa22b-cc00-4784-ac24-191f3a6ccd37,1021,38,88,110066,Late
42d37acb-5897-49a7-860b-1a2f9d541b79,1085,14,116,110049,On-Time
ddb74d1a-3b16-4501-b730-0969182a8e04,1024,57,82,110069,On-Time
4a31811f-621c-4c49-87a9-2c1e3591a1b0,1054,17,57,110012,On-Time
96daa0ed-d5ae-49e8-85ad-c2455ccf7170,1077,48,84,110062,On-Time
0537c4d4-65a6-44b0-8598-fea1e1f72e70,1024,28,54,110068,On-Time
1d1c849a-d328-4f3b-ae96-e1e2d93a1a7f,1080,46,43,110007,On-Time
f16651ea-0d9a-466e-96f9-0ff8fbd54d09,1067,59,23,110092,Late
aa7980e4-cc92-47d8-89a5-d2587cca17e2,1011,23,44,110028,On-Time
429c6ebb-692f-4337-a124-dfaefc4ed3d3,1008,9,64,110017,On-Time
b4c0ebeb-1503-4358-b63c-ac168d4e082e,1063,25,100,110097,On-Time
54c4ba10-d96e-4cdc-9bd9-41bea7492cd7,1007,31,48,110089,On-Time
6bd7b24a-3a68-4bac-9ab1-92b5b9191968,1010,18,92,110032,On-Time
ea1dc87b-b2a5-46ce-91f7-3450e0810e9a,1048,38,16,110036,On-Time
e51041fb-d037-478a-bb8d-e789ae8bd32d,1052,29,45,110017,On-Time
2bba2d78-34f7-481c-81a6-c168d152d908,1098,59,55,110071,On-Time
ca3e5ce6-1cbf-4319-8da0-e3f92d1cd3a5,1088,14,73,110084,On-Time
8f8e11a6-169f-40a6-b51a-558dddf25703,1037,10,70,110097,On-Time
64adfa01-87ba-42b2-a904-c2b28d2de4bd,1029,59,100,110052,On-Time
595d3b32-916d-4c2e-b928-0045cfa8a0c5,1083,56,79,110048,Late
bf60ac5f-faf3-4115-87d4-ec5846852f05,1010,14,29,110089,On-Time
757984ef-a20e-4163-80f7-8c310fc0ccc6,1062,54,101,110044,On-Time
f8a75017-631d-4e34-8643-5c5ef97eab2e,1009,5,43,110026,On-Time
833cd52f-e9a7-4ca0-b105-1dc75b4587ae,1047,5,75,110044,On-Time
45d15c5a-f8c1-4997-b01c-335a4d5301bb,1017,27,14,110090,On-Time
b590adee-4f5e-4197-bba8-aa3cc5477b24,1057,32,91,110005,Late
54108d81-d8a9-4e5f-829a-d2e730e325d9,1060,58,103,110096,On-Time
9d57a414-627c-41e1-9acc-b533f03ef68f,1064,29,36,110098,On-Time
9468aabf-e1bb-48c0-be6f-cf1c026b9bf3,1093,7,38,110032,Late
893c6c44-b39a-4941-842a-42a3353f7324,1012,27,70,110024,On-Time
752cd13e-775c-4674-9853-27f97aebeb4c,1068,6,62,110055,On-Time
6ffb195f-27fa-4f9d-8564-60e88c3e961d,1039,33,12,110047,On-Time
8791ceac-a4a7-4d9e-951d-29da0fc7c85e,1032,38,55,110051,On-Time
f4420338-c462-4700-b5b3-bc3af5f6a4fb,1088,51,91,110039,Late
de2bf449-a0fb-4a88-8ee6-b7c079d9b675,1085,8,84,110095,On-Time
9e80eca4-a08d-431e-9d05-386c1003510f,1076,20,74,110027,On-Time
d7eebac4-861c-44f6-a84c-7979553e1215,1006,30,41,110030,Late
b47b76eb-e919-4e26-949d-40ec736d79af,1040,40,15,110014,On-Time
94e5d108-2afd-45cb-8764-a14a1583af5d,1014,34,57,110004,On-Time
637517d0-1b08-447b-8487-0c6ac16652e3,1042,43,85,110059,On-Time
1c110201-062e-42db-911f-57b6c993bc0b,1032,19,67,110091,Late
4f72f58d-c24a-49ca-b81f-e59da1460cbf,1071,58,37,110062,On-Time
043a9d53-cf88-42ed-9253-7aa9d1ee316f,1023,18,28,110054,On-Time
89b35487-2775-4b97-be5d-7560543d793d,1004,24,36,110048,On-Time
7df78b83-56cc-47b1-922b-56d57c668d32,1094,10,28,110062,On-Time
2d909403-2c1b-4f6e-ae40-0b4f99656790,1013,31,17,110066,On-Time
1d770c54-6482-45b0-83b3-61a2dc42cfb9,1014,43,107,110097,On-Time
5fd625a8-fea1-4721-91c0-b9c537b9771a,1079,59,41,110077,On-Time
7d4e4a5d-693b-4f54-b54a-fa9c274b91c5,1056,6,104,110065,On-Time
19023989-483b-49e3-9a34-05a5041922d8,1011,33,68,110021,On-Time
a32336f8-318f-4ddb-b9e8-c994d42d00a8,1034,28,105,110087,On-Time
7c9114ea-938d-43ab-964f-0fb23712596e,1071,16,11,110093,On-Time
8ac04e88-7f1d-4d17-96e1-3f31127b25ce,1017,20,13,110030,On-Time
3b6a8770-502f-4f50-b840-cb23fc4e76f1,1039,6,87,110060,On-Time
8c455117-a719-4258-8cfe-ffc3f82ac382,1049,12,39,110089,On-Time
1396ebad-5b05-45be-85cc-efd63ed5d31d,1096,28,54,110083,On-Time
8d171d95-373a-4746-871b-f77c5ecf267a,1085,11,69,110027,On-Time
794e3056-f92d-400b-a154-631f1debe901,1099,33,99,110094,Late
68748178-ec2a-43ac-b419-d56d24d89661,1020,41,60,110037,On-Time
1a84d7d0-3288-4b81-bda6-01ead35fe540,1095,38,80,110050,Late
1955fac9-04d9-4f97-bb9b-bafdc0f23870,1056,10,68,110049,Late
feaa89da-f188-45ff-8ead-a0b0d7dd1a15,1043,10,42,110031,Late
db463707-6f43-49bb-a41c-c6f315149997,1091,33,90,110031,On-Time
7c9aa512-3911-4951-9386-885edb879f91,1080,32,113,110061,Late
0486fc73-3891-4bd9-aee7-09fc5577bea7,1048,40,95,110033,On-Time
645f67d2-b258-4c9f-9348-f982d19053ae,1068,30,89,110048,On-Time
f2425e93-8cbb-41c4-b9e8-6292685f9544,1010,19,33,110062,Late
5704b4d1-ccac-4e38-9caa-3edf66ebe325,1007,10,18,110029,On-Time
8ea85c51-faf8-4eec-b286-f6fde9642321,1069,28,10,110078,On-Time
1468a9a2-27ad-41b2-b208-c998664773e9,1066,55,31,110042,On-Time
26cdb45d-a5c9-41ba-9e88-45c2f281dda7,1026,38,19,110073,On-Time
f3bece2f-36df-44ce-a471-02bad65eea5e,1062,58,66,110094,On-Time
0ee453fa-4511-4988-8c9c-3d433a21c951,1076,49,19,110043,On-Time
452e3a03-62c9-4e65-bd9f-2c281fb42e81,1078,34,95,110075,Late
2851d1e3-c8cd-40b5-b599-a954654e8e4f,1025,29,39,110039,On-Time
777778f8-d79c-4f2b-9929-45f03f5a9360,1003,14,110,110009,On-Time
532d6e77-ace2-4544-b433-5e008e40b7b1,1084,23,82,110023,Late
d0e2b801-b63a-40e8-8156-59a3b3b57462,1010,12,37,110083,On-Time
fd6591ac-e193-4777-9c46-42ff08101e94,1055,8,30,110096,On-Time
dbbc8769-d54e-4526-bb1c-95e6cc99b0cc,1061,6,104,110076,On-Time
08dcf258-c0b0-4234-8085-f7783f1564d4,1006,8,13,110082,On-Time
e4267735-e8be-4664-8a51-829e0fb22550,1012,55,50,110038,On-Time
08ea43cf-a76e-4752-9df8-64581c900052,1012,41,87,110049,On-Time
7a7ce55d-c7e1-49e1-97af-08908312dc51,1013,57,84,110042,On-Time
7e85cf47-6723-4dda-abe2-d78eba776e92,1020,11,11,110083,On-Time
390f8feb-17fd-4280-bf03-82d113105c8c,1056,20,19,110092,On-Time
09e74796-e360-432b-8417-b426378a6364,1001,17,89,110093,Late
48f667dd-d99f-4bce-a552-c6b03008fd04,1015,43,30,110092,On-Time
82fa6dd4-b852-444e-9bcc-cfd6e008cc8a,1067,23,114,110016,On-Time
826771f2-2409-47f3-9b48-dea3d5a24468,1025,48,68,110061,On-Time
6d7609eb-a227-41d6-83e2-ae45d9a50f58,1021,30,111,110076,On-Time
54f3c96b-ef63-4c79-8a2e-80a744440432,1083,39,29,110056,On-Time
44730ef9-b4bf-4717-8ebd-0dbf2ff785d3,1057,31,65,110009,On-Time
65cce1c9-6640-429f-8600-da550e657829,1089,52,24,110026,On-Time
5c4fc24e-4a59-42c3-9cb8-a378d653c68d,1008,55,46,110067,On-Time
34dc9994-88a9-4a02-8d9a-301620023947,1008,24,34,110052,Late
e11dc2b0-d06d-491e-8965-d2d1c03572dc,1078,19,106,110005,On-Time
1bc1988d-cc70-4f16-8490-8c14826920e5,1035,23,35,110069,On-Time
24aa9f2b-9ec4-48af-a3b2-049ebddfc0e0,1086,15,27,110090,On-Time
a8b6e538-b5be-41ee-aaea-bfe2b0e34651,1062,29,102,110039,On-Time
e166fc6a-b7e8-401f-81fe-7b4ec916658d,1020,53,73,110046,On-Time
781843be-d671-4fa0-b114-c5f2dbd8acb8,1049,41,97,110033,On-Time
56daaa5b-2805-46f8-9436-66733db2e77e,1092,22,39,110097,On-Time
ce78b6e7-6b43-45b9-a55d-839f395d51fc,1033,20,104,110006,On-Time
6102882c-4dd8-4ecf-862d-1310c54bca50,1057,18,58,110054,On-Time
a49870ec-1cc2-4342-85e1-f6484285be7a,1023,20,31,110012,On-Time
4dac5f01-6057-4c03-82e9-162803b0ff47,1011,25,37,110006,On-Time
76681408-9c69-4e8f-8643-8693b5a5c329,1092,59,110,110063,On-Time
fa69e46b-2501-495e-92ff-5927222ddc38,1013,33,51,110042,On-Time
2a99e595-8ca8-4791-8846-292fd96c61f0,1027,22,19,110026,On-Time
a244f33c-3288-45e4-ba8d-6e9e10ee3acc,1098,47,29,110065,On-Time
a4198893-8df5-4a5f-8e2b-99efde6e3821,1065,55,36,110050,On-Time
2dbdf1a7-5545-4a6d-9117-ed229bec9863,1051,19,109,110027,On-Time
098be093-f89f-41ef-b385-8cf3e65c705d,1088,53,21,110076,On-Time
5079936f-c9c9-4b45-9c3c-b1fb77d811ca,1095,22,118,110009,On-Time
2a3a95fd-018d-4959-8922-7c5e652499cb,1091,28,55,110068,On-Time
311c8d81-09f8-46b3-b0e4-4f5918fcfb10,1061,35,50,110095,On-Time
673d5a5c-0fd0-4646-876b-350a5424aa2d,1011,57,48,110008,On-Time
152a3b40-6243-413c-b79e-0fa3b1a1ae2c,1041,20,45,110050,On-Time
a18680e9-2a29-4f4d-9b1b-c2feb8d6a061,1093,53,65,110047,On-Time
b5b77c73-3242-459c-ba39-d89d36bf87fd,1006,15,75,110018,On-Time
8a33d9e6-ed4b-445a-a983-85c6774bebb8,1047,11,51,110089,On-Time
97514161-5c13-4d0d-8fab-afe4577b33bb,1023,13,59,110045,On-Time
1cdca98e-53f9-4a97-b4cb-5c0d9e5ebad8,1074,39,28,110086,Late
d11e1a9b-6bf6-4596-9c32-f9029b4a11d7,1007,33,61,110067,On-Time
a4bd7c33-0a3f-48e2-8e1f-c5097373ff6e,1087,54,93,110090,On-Time
c667370a-556d-4ea8-bd8f-4c1d00f6323e,1020,44,87,110086,On-Time
82a27250-60c5-4427-95ef-ff988030476a,1022,18,64,110005,On-Time
433a72a3-3778-442c-9faa-72f501143eac,1080,16,74,110053,Late
c0189332-4abf-4116-9890-0b50896ba349,1046,51,69,110073,On-Time
08c0e577-b7b8-4fdc-a55b-11bbea6ea30a,1091,20,46,110081,Late
0cc09a83-2d76-44b0-af28-cb35bfd27f0e,1011,20,36,110067,Late
6016e560-5ee0-41dc-b2bb-4efb84828fc8,1091,55,66,110089,On-Time
b822ff0a-593c-4910-b918-454a67de24ff,1047,21,50,110021,Late
1e6911f3-7b93-4856-b198-8e1705e6a651,1064,21,106,110096,On-Time
e72e24f5-b29c-47b4-a79d-07b15a406d2f,1034,56,94,110091,Late
b3653d40-21b8-4905-8b28-7cc97ac471b3,1014,43,45,110029,On-Time
718c67ad-9fa0-47a8-ab67-3f92c852fdb1,1005,8,84,110096,On-Time
77efda91-a223-4afb-8bdf-fbe24cc8acb1,1033,58,18,110072,On-Time
412c96ff-7853-4112-b446-e16c11287756,1058,50,33,110095,On-Time
cd119532-c4f5-466b-96de-9863b053f4c8,1096,24,104,110036,On-Time
25e43276-f63b-471a-8474-97657cf6195c,1032,6,98,110089,On-Time
c4be6599-71aa-46ac-aa53-104212cf2b79,1062,21,33,110018,Late
593396a3-c5d4-43bf-a1f7-22daf39792c5,1096,42,71,110081,On-Time
e99ba948-1101-462c-8a40-1105753a6e20,1078,38,10,110037,On-Time
5a27cb49-71fe-48fb-9a6e-0ec8db3fe761,1004,45,92,110009,On-Time
d3cca483-373a-49c2-be1c-d572c072e5e9,1098,59,103,110021,On-Time
1f0d24de-9369-410a-b23a-9644cc85e2a3,1078,39,97,110066,On-Time
04695738-9bf7-4a7b-828f-d3ccf43cc123,1075,43,41,110096,On-Time
4e5ca6eb-81e7-4bda-990f-46363f8d8618,1018,30,106,110028,On-Time
18ebdd06-640e-438b-b58b-91f110042ef6,1005,39,47,110074,On-Time
31a9f791-5245-4e39-8fcb-9d8111aa8b85,1099,56,61,110091,On-Time
9955a182-366a-46dc-b011-56e2daac04c2,1093,20,97,110095,On-Time
1da6bce4-ae7d-4e64-8382-7f61c2a863cb,1021,41,84,110002,On-Time
a10d91b1-2780-4e5d-bfe3-1958e586f52d,1066,51,30,110058,Late
dddc55c8-a448-4250-b881-6a6949009e19,1063,40,36,110055,On-Time
9ab76673-434d-490a-af08-69489fbd963c,1025,50,22,110091,On-Time
2bb9006e-be5f-4612-bd69-cdfe2cc779df,1006,45,116,110073,On-Time
706d1763-000c-4d40-b541-9b8ed2adfe0e,1067,40,91,110069,On-Time
50fac874-c78e-4307-a7d5-eba242dda033,1011,26,18,110032,On-Time
2721588c-38e9-4d2e-ade1-27d979f214a3,1046,48,25,110011,On-Time
21869ce2-0505-47a1-a222-22d43125cdb8,1091,40,66,110048,Late
08773948-5213-49e0-bccf-c7b082418343,1056,16,74,110020,On-Time
bce12459-4de9-4509-9b0a-285030d68604,1092,22,28,110016,On-Time
b41f6a9d-f53a-4d61-8512-a2e6cd2aad58,1086,38,100,110053,Late
12cbeeae-beaf-4a1d-9c96-9bccab346566,1025,16,102,110050,On-Time
f15be163-553a-4899-878d-0a54cd5c04e5,1053,49,46,110034,Late
edabe6c7-888b-4316-8ccc-7ef666ee6f6b,1085,37,81,110004,On-Time
8e4fff9f-1835-4e07-9813-6574ded09ed4,1094,52,74,110008,On-Time
c75550d1-a229-4375-884c-e9dc417d586e,1018,54,42,110018,On-Time
b9c601e3-0beb-44dd-b355-8b1ee9aee305,1079,28,36,110004,Late
79e0ca0b-83ce-4480-aa02-2167dfd8648b,1020,52,53,110006,Late
77c0ed20-daaf-46ac-8e3f-bd2ec9ee0865,1044,12,42,110085,Late
8360d4ce-4ddd-4f9a-93b0-07a8b20cae0f,1077,54,48,110083,On-Time
4f9364be-6d1b-41c0-a1a0-29748f28a2ea,1031,48,29,110079,On-Time
07af39ed-b700-4971-8655-440a8f512f57,1096,22,59,110052,Late
90208441-60e0-45fa-b7da-efa5afe2d056,1030,24,104,110013,On-Time
7248dc00-ea0d-4b05-9ff7-520185e1286d,1091,16,80,110011,On-Time
44ac8231-d528-41f6-91b1-2cddaed6be3d,1060,13,78,110044,Late
0f89db53-0b58-41da-a458-b03b74cf9537,1021,43,66,110093,On-Time
4ff169ca-5c6f-46b5-af77-1aeee9d229a5,1097,35,37,110005,On-Time
8ca80c28-6019-4356-bd76-d45fcd2c57e7,1095,32,20,110017,On-Time
fa6b49d9-a321-459f-b56c-7e4c0b65707e,1073,23,99,110069,On-Time
41201793-717c-4b2c-8d2c-d98795f15fc2,1063,10,58,110081,Late
0849bb0e-ed95-470f-b376-cc55e79ed7ce,1015,19,32,110072,On-Time
80d3265c-d0ee-4193-8644-7370960f2108,1095,12,24,110068,On-Time
c79db67f-e4a9-4164-8b63-74706f87226a,1080,12,18,110074,On-Time
4beaee17-c102-4b5e-a685-38620e4a9aae,1069,50,53,110026,On-Time
623d4e6d-81a5-4b37-a0e8-b04c6c1ea5bf,1058,43,108,110097,On-Time
bad73235-06bd-4bde-9bca-6ad3668fcedd,1099,37,85,110068,On-Time
04b9b808-b9ef-4e58-83b4-b36920df1547,1020,52,14,110016,On-Time
181b2a94-da85-4103-84ca-ef5e740971a5,1070,54,89,110062,On-Time
1af8534f-45b9-4346-aa39-422c09749077,1016,20,59,110078,Late
ce2c0470-94ef-4418-9914-7d1e6b16a6e3,1064,12,65,110018,On-Time
f0979e7b-f0da-41a0-a2c1-8a4a730ea048,1079,19,114,110071,On-Time
fb12b32f-49d1-4691-a0bb-d741604e1763,1024,25,37,110009,On-Time
2609faa9-d1a2-4457-90e0-4696f37d2d1a,1040,38,31,110060,Late
5f1b8364-6c0c-4a1d-9d76-30a7891726dc,1011,8,14,110039,On-Time
1c10471e-e946-4a30-9a21-e012bd45fe3e,1023,26,57,110076,On-Time
1d5cc8a2-c59f-4664-9edf-c19d8302b2ad,1054,48,63,110098,Late
fb27684a-ed15-4c55-8f45-25d3cdb0606d,1099,41,61,110028,On-Time
2d8caed9-d628-40d7-8ca4-a371e892f957,1040,48,11,110077,On-Time
9e81722f-1f91-4aa9-9401-93cc486ed36f,1040,15,86,110052,On-Time
f240d190-6cba-4730-aef7-9efcfbf3cf93,1018,10,70,110092,On-Time
b9dae37c-3fec-42a8-8218-635bd956b6f8,1060,21,39,110063,On-Time
aefb7054-c0dd-4cf8-a9c6-cf08cb95a01e,1033,16,118,110047,Late
34f2f057-26dc-4a9a-972b-5ffcd2b246ae,1009,13,38,110054,Late
d284aaaf-dad8-49ed-89e8-735650a1c0a2,1094,20,47,110092,On-Time
e2f683ec-78d7-4fd2-9878-e49760912353,1003,7,48,110044,On-Time
d6377828-1aad-4860-b183-de4b885576aa,1031,38,94,110085,Late
5571ca0d-6a42-4cd7-898e-17d7eee5f20f,1069,28,98,110061,On-Time
bc50bea0-e3e3-43e7-80f8-aeb58f1e6375,1062,26,93,110034,On-Time
6d39b429-cbe9-4b2d-af47-7dd7a6577748,1039,8,119,110024,Late
fb4ba31e-c21c-4352-876e-7a6b52f81311,1024,18,56,110039,On-Time
f2488e75-192f-4d70-97b1-99babd0f0912,1059,26,84,110030,On-Time
7e2fba29-7894-44ec-8f8f-40b889e7766f,1045,39,77,110014,On-Time
8cf913d9-ffc0-4dbd-92f0-d1484373c90f,1098,9,101,110034,Late
e3f983e6-dcd8-414a-8495-3ef6f05c50b2,1070,14,117,110014,Late
35bbf34c-a7d0-481c-a75c-cec2f82326ae,1089,31,21,110096,On-Time
452ce74e-c10a-4e44-8801-74e7d65473c0,1058,17,64,110086,On-Time
fa1d36b9-74c3-4931-a68c-f86ed5e8ab8a,1085,19,72,110050,On-Time
1d722ed7-1283-4d18-ab3e-9aa481888168,1046,31,13,110074,On-Time
60fed702-272a-4217-95b5-3467c8df4de3,1047,5,30,110060,On-Time
29522c38-31f5-45c0-810a-67dc0ee0bcfc,1100,54,100,110057,On-Time
ac652b45-741e-46de-9d04-9f9532afcc09,1037,19,102,110011,On-Time
facb3289-f4f2-4e25-84dd-a151f86b4b67,1075,13,86,110041,On-Time
7f1bf90c-89f7-4147-9050-eec6f518f7b9,1007,26,100,110043,On-Time
a9dccea6-7f06-4c7a-998d-1df19689b373,1028,28,23,110016,Late
1fa8a50b-b1da-40e4-b755-d4c036d0cd28,1083,34,27,110023,Late
88917b6f-484a-422f-9b31-ed2966b6ba22,1079,17,29,110050,On-Time
2bc53d43-6c17-4f28-a2c2-e49ea510ec99,1100,17,14,110039,On-Time
984948c1-1ba1-4a60-81f6-fe9d74c70439,1005,33,17,110050,On-Time
0bdc8197-6316-409d-b3d6-5a7a05d5b46c,1020,12,24,110064,Late
10df276a-1678-4ac2-b091-bb9c73095aa3,1045,22,88,110085,On-Time
4b5deb63-48f5-4895-ad2a-7985af352546,1032,44,103,110081,On-Time
d14b6d9e-aab4-45bd-a21a-99402e0536e0,1020,28,85,110068,On-Time
4929ea8c-8986-4b27-bc1c-890762a9eb22,1039,50,35,110077,Late
ef21015f-16e2-40d9-ade2-6433c1a00497,1014,10,23,110012,On-Time
fde4e39d-48ff-45ce-ac1c-8753e54c6f0b,1084,36,119,110001,On-Time
0c03f879-c988-4d09-ac50-83463765bcb3,1049,43,31,110097,On-Time
8e9b24e2-89bc-410e-9831-37f65122e5bf,1013,33,89,110007,On-Time
c22922c2-1ac1-4231-961e-ef920f414190,1078,36,84,110059,On-Time
cbf23274-c04e-4805-8830-2e9dd7203031,1068,6,58,110088,On-Time
09d11445-d246-41f9-8173-bbcf9cd6ba26,1048,16,97,110080,On-Time
f85ff82f-a24d-4a4b-81e5-b2ca97dfc4af,1001,41,13,110063,On-Time
64433eb6-0bc6-4466-bc10-822bdefd3af8,1062,27,73,110076,On-Time
b7ad52ca-8b99-4abd-a841-510e9ebc3190,1079,5,57,110002,On-Time
7411bf34-59b0-41e8-9649-0b68a40ada90,1041,45,13,110002,On-Time
0eff9504-d781-4fc0-bfe3-dc0f570d95ee,1067,35,97,110007,On-Time
6d9b3a8c-cfcf-4396-a64d-52b5f2b989ef,1026,11,46,110040,On-Time
fb493e73-0ea6-4bbc-bfce-53bab12d38bb,1023,25,63,110075,On-Time
0f68b982-932e-414d-9403-d9cbea88f5e0,1064,52,50,110048,On-Time
ed1c977d-b154-444c-a76b-f7b43e0108ab,1001,23,112,110086,On-Time
6f27ad5b-4f41-47cc-b1c0-82ca6f119ebb,1027,31,103,110089,On-Time
9d29ae18-f761-4773-8a11-f995b3fef4f5,1041,57,60,110062,On-Time
73be002f-fee4-4d69-9784-d6c946672ce6,1024,37,39,110077,On-Time
bc3720ab-680b-4b2e-a950-9ae56a315037,1023,8,81,110044,On-Time
9322427b-630d-4c9c-8a12-ad8aef0fc993,1093,28,76,110013,On-Time
e3b21e8d-606a-4b16-bf8b-edca186ad27d,1056,51,69,110013,Late
70ac5045-8281-4bd3-ba05-a9719d2a99ab,1024,24,12,110043,On-Time
11c59238-8f60-4fee-a658-8714958d25af,1030,24,17,110093,Late
5c886785-c3f4-4192-91de-7ad4f64b049e,1033,14,112,110071,On-Time
a2c568da-abe8-4aec-8bbc-84e22ac67001,1053,37,36,110071,On-Time
00eb3229-142f-4d60-99df-24d060f2c14b,1086,57,28,110040,On-Time
44c09c1b-72a6-439f-893d-f09b05ae6fc2,1055,46,31,110002,On-Time
00c55635-ccdc-433f-b3df-9b8d6194a2f3,1088,34,97,110064,On-Time
d8b3418e-b206-45b2-862d-ff2a2657bba9,1076,18,48,110085,On-Time
3761e36f-ff70-4507-8cc2-71664520c08e,1019,15,66,110057,On-Time
908cfbd2-ef8c-4733-ac56-8a9498902ddc,1012,25,31,110094,Late
ff133375-af60-4987-8a1c-04b45fe98d75,1042,57,15,110014,On-Time
64528acd-2d43-4964-a318-e701eefae33d,1064,32,30,110050,On-Time
506d8213-4aa3-4336-9420-e367fc606c8c,1001,59,25,110063,On-Time
bbdd34ff-2367-4951-83d6-3453687addbc,1006,17,40,110042,On-Time
60ada4ac-1e13-426a-9e5c-9383d7f14e60,1080,6,88,110055,On-Time
3ae74435-5f31-4618-afc5-3d12dcd308c5,1019,24,64,110029,On-Time
3b7a4c6b-b8ea-445c-9cbd-15e49b6d17d2,1043,9,94,110010,On-Time
932a8cc6-2b2a-41c0-a0a0-f3a83de6531e,1069,51,85,110058,On-Time
faa435d1-3161-441a-b8cc-7db6e3966f7b,1097,28,103,110050,On-Time
049c94dd-7078-4fc6-a800-56fc9c9fa582,1085,32,12,110048,On-Time
7bdcdb71-a19e-4c46-a85b-bbf6e615edd0,1008,5,84,110015,On-Time
33d2510f-d062-401a-9353-5f55a77fd58f,1069,13,48,110036,On-Time
27c0454c-c826-4ddb-a8aa-8d85485db54d,1015,42,44,110036,On-Time
c7519118-a083-46db-aa1a-e8a6c2c744e8,1038,58,89,110036,On-Time
b9b66ac1-8b71-4423-affa-fb4f84753e7e,1092,56,16,110033,On-Time
c2915471-a757-403b-b75b-0b5d570aa456,1029,53,94,110076,On-Time
350fa644-d189-4a19-ae21-2a86a0857fc7,1052,27,48,110032,On-Time
a115f965-e890-410c-9fda-5252a93f7c9c,1066,35,109,110013,On-Time
64146f79-0ae3-4513-8317-125ef20b9d13,1008,44,108,110053,On-Time
8fb0c871-1ce9-4e1b-9667-3e6a7ab1a16f,1090,18,88,110082,Late
b5cda5cf-e135-432c-a2d7-c2822bd6edb5,1047,45,12,110095,On-Time
bc6a518e-40fb-4017-8bda-7f3a7ef63834,1006,57,106,110017,On-Time
3f3545ad-a39a-4704-bfcd-1c1284342420,1018,41,16,110076,On-Time
b51bf05c-964a-459b-a98f-984f94cc8334,1031,38,45,110020,On-Time
0e8e285d-d48c-4182-9246-adf7bd7f5b3a,1030,46,70,110089,On-Time
52cd3e65-c6b1-4547-bd98-92b7783d3dc7,1091,16,88,110018,On-Time
cd548e18-30f8-4bc9-9505-44b3890f1020,1061,27,77,110076,On-Time
34c1c7b7-6aee-4f79-ac20-bf01113f5abe,1013,51,80,110083,On-Time
5b4b66be-99a5-4823-b90e-9568beb0ac23,1045,44,67,110017,Late
9ed62815-9f0c-4719-b7c7-b5933c5f88a0,1066,21,27,110086,On-Time
9192d940-fca2-4617-aefc-624c7820a60a,1008,13,46,110001,On-Time
a61e9cc1-5afd-4099-8fdf-66a9b8e11468,1071,39,62,110057,On-Time
bacec107-7bc6-4629-9523-f4d2e6936eb7,1002,47,60,110024,On-Time
2529427d-6a1e-4c50-91fa-d9ef7b961eb9,1099,26,44,110036,On-Time
7fb84e23-6aa9-440c-bc21-99bb8b8e2c18,1046,53,45,110083,On-Time
491adf1f-0aea-4652-b41f-8009d7784e1a,1033,12,41,110079,Late
d44b5da1-236b-4c96-b190-2b553c76acd9,1011,19,17,110007,On-Time
fbace165-0559-4022-b642-98b17bd17212,1077,5,108,110006,On-Time
fb5905a9-7d5c-4b82-9201-9488974a6f2b,1023,59,115,110028,Late
1bca8560-d610-4cbe-a1c8-51d785607960,1007,35,77,110088,On-Time
3af629ad-26d3-4c41-a6a9-dac7fb8f5a44,1085,5,41,110097,On-Time
5d48bd34-4bff-4414-bb94-dc67848104ca,1066,19,64,110098,On-Time
befd9ee9-d32d-444f-960f-5a09f5cea14f,1060,40,26,110013,On-Time
28bbc062-4a97-4ec3-ae7c-a9e353f71b59,1025,19,15,110016,On-Time
38d5c53e-7ed1-4552-93af-3845cde5739a,1042,14,105,110018,On-Time
701d3122-d412-4a0b-9b69-3ce4d9e74798,1036,38,78,110066,On-Time
ef3c9581-833d-480b-ae8b-5d95af0c3d00,1017,50,92,110080,Late
a4039574-592d-4387-9a4f-1423cddf1297,1049,21,21,110009,Late
efb85282-56ce-497b-a245-e29ec3595b33,1003,8,65,110017,Late
588cd082-92b3-49a8-aff1-a0681963bc7a,1049,6,18,110007,On-Time
ff1e7870-7d30-479e-9940-11bf5bcf9337,1094,9,114,110005,On-Time
cdd9e783-8497-4132-85c4-e584f111cafb,1025,11,78,110021,On-Time
ee4ef65c-851a-4c63-ae9b-7682ca634b31,1060,53,69,110060,Late
c2848df5-6358-4841-b121-ba2252e1a690,1079,32,62,110057,Late
9d62fa2e-f26a-49e7-9ec6-9b1896789c9d,1021,35,86,110053,On-Time
00bf56c6-35fd-4cce-92af-37bcb857a1fb,1096,9,82,110085,On-Time
aa5a5067-24a8-4210-a650-38321b2b836c,1092,12,25,110040,On-Time
ec13b779-7391-4655-ba4c-d61f6f697385,1066,31,34,110080,On-Time
83586bcd-96c6-4091-bf70-2311d56d7be6,1049,16,52,110026,On-Time
ddfa45d3-ff89-4582-9892-ab309d22eb7e,1021,17,105,110014,On-Time
304d7f1f-8c87-43eb-92b2-e212c00f7c07,1090,41,69,110076,Late
9e119ef4-f2b0-4f06-a155-01782981fbfa,1016,19,117,110029,On-Time
cac8c2a5-0f6c-419d-9095-6be9e4051da4,1008,44,103,110023,On-Time
769e7543-c8cd-45ab-8567-20174bbc55cd,1041,55,76,110004,On-Time
566d68c1-7e42-4355-85f2-667c11fe3801,1019,48,91,110012,On-Time
b45b6ab1-ba96-48d0-b077-e648fdad09bf,1023,23,96,110009,On-Time
84cf7d87-7cd1-4f9f-b26a-b28dfa80b2c3,1083,59,44,110039,On-Time
775f2f98-5773-40c1-bf40-62a6e23c5536,1016,30,13,110045,On-Time
ee01f900-605b-47a5-b5df-5594a31a5e46,1042,34,69,110077,On-Time
eccf0afc-fa3d-4952-a2d1-740d7359ef32,1013,48,89,110058,On-Time
2a104ab3-5ca5-40c8-a949-63d0078f87a5,1025,33,49,110090,On-Time
8ae511a8-03b5-4dcf-9e7e-729caac1aa45,1099,15,115,110028,On-Time
16335b26-63ef-4253-b780-5eda7dd6f587,1001,32,92,110026,Late
1abd51e2-dc4a-4e90-8d31-a5d97e308dd6,1066,30,86,110071,On-Time
9d92f5a9-d27b-4288-9e69-81f47bf8a37b,1041,48,102,110030,On-Time
350304bc-a0f5-48f9-83d1-42392c046021,1001,30,34,110070,Late
03373535-aaf6-4a29-8d91-833d069ff94d,1056,47,20,110079,On-Time
f71e7094-a66d-417d-b402-2eb0a28b1f1e,1015,58,86,110093,On-Time
6a798b6f-ad91-4739-b86e-e02a850c22b9,1089,50,70,110051,On-Time
57333111-b4e2-44a9-9c7e-b1e96bbba5de,1095,15,59,110095,On-Time
e3a5c740-e269-42bd-b1d5-d42d5c43dc51,1083,29,22,110010,Late
329474d5-3428-425b-bfa1-7d4bac726787,1007,40,29,110077,On-Time
630f264b-6f11-4a6e-8cdf-71a753263f6f,1057,51,108,110039,On-Time
4710c939-dfaf-4eba-a943-fd3128146b20,1046,59,47,110003,On-Time
087b10e6-730b-41dd-a09d-38ea6e6fc0ef,1067,7,26,110035,On-Time
4af03034-021f-4466-a68e-bf9981c5b9de,1023,27,25,110047,On-Time
d26f1010-ee6f-4e81-babc-907d02cf960d,1068,39,52,110056,On-Time
8edbd1d6-6bf9-4c5b-b334-2a7a02810f9b,1023,27,21,110072,On-Time
578eaa03-f41b-4354-ae43-6f114fa93298,1072,41,68,110043,On-Time
e386b9ca-16ff-410c-8425-ee379cadf19e,1065,49,82,110090,On-Time
1b3b946a-313b-41f9-a83b-221ff939493f,1032,22,51,110024,On-Time
68feb446-01a7-47a1-b1be-8de9f210e699,1057,7,92,110084,On-Time
0bff98ba-9a1a-4be3-b5df-3e38ee589064,1078,25,83,110041,On-Time
2e5678ff-1047-4f9e-9c2c-5b911d4555b2,1073,17,41,110003,Late
005daa95-ab12-4e84-a6fc-0eef453038b2,1085,27,70,110080,Late
69a83084-440b-46dc-8071-38b3fbb21aa9,1053,57,60,110002,On-Time
4225283c-a8f5-4374-a0a3-8bfe38764b24,1061,6,17,110070,Late
3a7df2e5-47ff-484e-9d1b-3850074c782d,1086,56,88,110054,On-Time
bb5a08c4-e575-46e1-a65e-1a7a7da2aa6f,1078,23,46,110064,On-Time
217d98a5-ed1a-4463-8f8e-f24c1ae21ef8,1090,32,111,110056,On-Time
2c6939d8-c31a-4025-9a94-5e69ebfa1c13,1063,21,104,110040,On-Time
a25623b6-fd27-41b8-8da8-10d181873a2d,1002,28,96,110087,Late
f36b9230-084d-402e-9fdd-089530f51e27,1013,50,72,110024,On-Time
adc23582-d5b6-4fd9-b3f4-3c5fd9f677b0,1017,27,104,110014,On-Time
aabbe498-2bd9-4f0e-90db-528dd6fc096f,1044,29,65,110002,On-Time
bd448319-5408-4eb6-b626-f9b536c6c974,1060,12,30,110041,On-Time
42ba335b-dda4-4ec3-8142-f69e41881145,1019,51,117,110060,Late
9eb5c117-7fc8-4493-89f1-a0ee6a1f24ce,1004,16,42,110053,On-Time
e63c5f85-6b8a-4a12-a158-809d023c79c6,1003,21,81,110028,Late
a2b29426-8309-429a-8e8f-a361e401b421,1057,56,105,110095,Late
3478a985-fb3b-4ce5-8eb5-9aa4aade3fdb,1027,10,10,110019,On-Time
25e74169-abca-47e3-9344-85492653d457,1081,22,12,110079,On-Time
156f2d0b-559b-4c1b-a608-65ff773f3222,1051,7,16,110026,Late
3a21b9ff-ec80-477d-a800-f16e87a994ec,1068,50,109,110065,On-Time
d9083db1-d37e-4bc3-b6d6-a219c8fc23fa,1068,34,64,110074,On-Time
12b8d89f-5c8c-4508-a17a-5afe586a4e54,1095,20,70,110097,On-Time
fd9a44cc-a3f0-4634-9029-e334a68ef54c,1100,9,83,110070,On-Time
a4681404-0ad3-46e1-929a-da7345209861,1056,46,78,110053,Late
5adb8cdf-4743-4b09-a372-9d32cfbba8fa,1046,7,105,110078,On-Time
d4a73c32-8c91-4fca-83de-a7d48718a9c4,1044,56,112,110002,On-Time
a99144d6-0e6c-4f91-bdfe-a249b6ac4670,1016,40,55,110014,On-Time
ceb5e389-f553-449d-a795-bd3d9e9e5800,1049,55,36,110063,Late
9843e6fe-1ec2-48b8-ad4d-a3e78d341d32,1078,8,117,110058,Late
95814f66-6518-4811-a86e-52da494cd744,1003,9,19,110066,On-Time
a53fb5aa-a737-4640-a2b2-674177ecd2a1,1091,11,75,110027,Late
261caf1f-7267-4c22-913f-a10dd961e8d8,1088,23,17,110053,On-Time
49c3b10d-5c60-472b-ba83-a608019f3477,1047,40,116,110053,On-Time
dbe6d265-07dc-4362-8ff4-78a582ba7018,1007,30,58,110088,On-Time
2f6abf94-22f1-4289-a052-d27f2fde16be,1005,39,50,110091,On-Time
fa3253d6-727a-4270-9f0f-2ce0b4218173,1083,5,82,110020,On-Time
aa34e6ed-cc49-4307-a54e-1f2c4646060d,1094,45,46,110063,On-Time
03b649e7-5d96-4ffd-8b49-51a8c948acec,1008,52,115,110048,On-Time
770b16be-e9db-49d9-9844-b51755aa60f0,1061,42,46,110081,On-Time
e0ddc78b-22e3-4a90-a96c-222235e6552f,1056,42,73,110050,On-Time
10243bec-c532-4107-8e3b-24e3a5cf6c77,1063,9,28,110030,Late
8840e289-535d-47f2-a5fc-c57babdd85b4,1021,54,62,110085,On-Time
2776a1ad-2a91-4345-98ac-2ec8c3035a25,1061,57,55,110024,Late
18dba8c5-e0be-4adf-ab8d-e18e112f073e,1050,27,116,110009,On-Time
d5e120c2-a70e-489f-bad1-7fef23e579b6,1084,50,44,110097,Late
0876090e-2478-4842-9012-68ab11999041,1047,9,22,110050,On-Time
726aab6b-13c0-468d-83a5-f3ffed6a4aaf,1097,49,81,110093,Late
6bbeb576-9516-42dd-82d9-503c54b39c29,1076,33,62,110018,On-Time
0d36e927-eb9d-460f-a649-681bff74a073,1075,28,114,110041,On-Time
26baebbd-7a87-4479-bfcb-837e928f3b20,1099,6,76,110010,On-Time
cd7d41de-4fbe-4e16-aab5-26aeac41dee9,1030,12,99,110047,On-Time
7b255a05-5a50-474d-8110-8bd9423e951a,1055,37,62,110063,Late
9351378a-7814-45d0-a6f9-f47452acb124,1099,5,74,110095,On-Time
75b61af6-89e9-4bba-adec-0557cedab92f,1012,17,97,110008,On-Time
5f0a7821-88c3-4dda-9824-40b6efa3adff,1099,19,110,110062,On-Time
fc4ca9c2-90d5-4685-af1c-5e6026af85eb,1022,53,95,110017,On-Time
f4cafe91-f0f7-429e-8792-169eabb52bad,1060,50,94,110085,On-Time
572f4945-2ed0-4a2a-9401-fe12b9f0080f,1053,25,30,110053,Late
4f6f57b5-944c-40b6-86fa-332dd3e57e22,1079,30,70,110003,On-Time
710aa996-fc03-41ad-8930-d35c9f389641,1040,22,86,110009,On-Time
4ddcdf8c-b89a-48c7-a231-7090e138feba,1088,50,24,110017,On-Time
7555c992-e19d-4884-9895-a3f1276acffe,1081,31,24,110022,On-Time
cd557939-35c5-42da-b1ef-37b1594b256d,1049,51,79,110025,Late
0b9a5460-0d5b-4971-b3a9-f55a5edcac11,1022,16,69,110011,On-Time
30081549-e0df-4d59-9534-0bba044eb516,1021,35,38,110032,Late
70be5065-7b8f-4d0d-ad56-99ac5bc72a40,1030,44,90,110028,On-Time
9f3bd8a6-7f40-4be8-8de1-aff2dd68bdbb,1044,11,95,110044,On-Time
c7600dd9-dcf4-4804-9ef3-1ae734ce3d70,1041,34,34,110031,Late
2927c9d4-c8db-472d-959e-0260a410649d,1015,55,71,110017,On-Time
81ae8524-7b1b-4d7c-9664-c47f9818f508,1047,14,93,110004,On-Time
5dfaa625-f076-4652-a422-bec874310a55,1100,49,10,110097,On-Time
f4b1ba2e-e2b9-4d90-ae9a-ceba957f96ea,1022,15,103,110050,On-Time
7bdfe1b3-6815-45cc-aae1-aff934323d3e,1079,18,13,110028,On-Time
0c868c86-9367-427f-bd5d-bab496ae6922,1062,20,38,110002,On-Time
92d88537-18bf-4028-a91f-b43f58d8b5b9,1066,24,53,110031,On-Time
835eb7e9-77de-44c1-b1b3-63e585b51c00,1059,13,21,110041,On-Time
a37bd198-1ac4-4fd9-92c2-131bd5fe6f40,1085,13,48,110005,On-Time
9fd67881-7a7d-4246-9fb1-38ce3604ece1,1081,5,32,110051,On-Time
b9e54d3f-66cc-41c1-b43e-dcd9712387ef,1034,42,83,110060,On-Time
44a90c8b-9c28-4c30-9d3d-095ae565adb5,1071,35,31,110015,On-Time
7f3edeb3-c477-4a3d-9cdd-953ecbfd41a7,1026,59,35,110063,On-Time
c9d44c9e-cd83-4cce-9aaa-35eaa8a746fe,1020,37,36,110017,On-Time
dfe8daec-f7c1-48fc-9a31-a7928ecda102,1094,9,26,110016,On-Time
4402d038-d29c-4516-bda9-4334f2270b10,1060,18,92,110042,On-Time
dc2b7bb6-f5a2-4535-8174-66e5a1cca852,1068,23,81,110047,On-Time
94726379-0eaf-4c01-926f-5bd73f2b6768,1081,20,31,110097,On-Time
8355db22-6539-4b37-945e-f65031ae6199,1019,28,15,110008,On-Time
a4a98312-36b9-44e9-891f-ff7ff1e7ac75,1028,10,58,110039,On-Time
ff296dab-c912-4e73-a6f9-c27700468c63,1015,51,82,110068,On-Time
eca36b99-c2f0-4742-8ce7-e96b7b3c116a,1080,20,87,110094,On-Time
28a34c33-cf4d-4330-b0fb-9c477481632d,1087,11,47,110062,On-Time
39c42bc2-7c2c-41dc-9fac-2c7a8953048e,1029,6,94,110058,On-Time
0f309d78-f5df-42f6-bacc-7102d00f7f19,1056,40,25,110007,On-Time
b05aa8a8-d8d2-4177-8cc9-d4fd78e31a21,1097,55,34,110020,On-Time
e6ec590f-dec9-412b-834c-156e528b1edc,1065,54,21,110042,On-Time
515082f6-d6d0-4693-8911-8740052780c7,1045,52,31,110033,Late
41cfccdc-b238-4a94-90d4-40ce8f38c42e,1047,19,63,110076,Late
9077abbc-4807-4f08-9bcf-d4cc234865f1,1036,58,59,110056,Late
9717159a-7993-4664-b7ee-d8b189b76cf8,1025,32,79,110041,Late
043c3b46-ffeb-49cd-a88f-4b31953d377c,1010,10,72,110086,On-Time
634b4981-abb7-4128-b7b2-457fc7a51a80,1058,59,96,110065,On-Time
21a727dd-b8d0-4ec7-88e7-e6317f063308,1009,58,100,110009,On-Time
e6c57778-141e-4cd5-bd3b-b4e142f019ac,1040,10,63,110045,On-Time
bffbe5e5-cdad-4829-8240-a411afb86470,1028,26,46,110020,Late
0eaba79f-fd32-48b7-893e-11dc0234b742,1025,21,13,110034,On-Time
1192761f-f947-4554-a89a-64341dc5df8f,1031,15,57,110096,Late
8b9de2e7-e12d-4a54-bc23-dc6ac3ef23a0,1014,36,114,110025,On-Time
48d08c00-9968-4b09-8b44-d16f154eb1cf,1034,58,102,110027,On-Time
91fb6901-3147-4b73-93ed-d840b80fe60c,1100,15,33,110029,On-Time
9e4541ba-fc60-4a35-9e04-22fb8462518a,1040,59,93,110030,On-Time
7af05d3a-c8e6-4d5d-8193-d28947322e6e,1040,44,100,110086,On-Time
24d13696-f254-4866-8e9e-ae86b8540529,1029,45,29,110064,Late
9c60d0c7-a436-41c7-ad23-3911b442efc9,1059,24,43,110042,On-Time
e473ebfb-70a4-4df9-83fe-aede44f29435,1011,42,79,110038,On-Time
9d2269ce-5fd3-4c5d-93d6-22b9ac40fad9,1041,15,53,110077,On-Time
d7e16d7f-3095-46a8-9b12-93a3310ad564,1058,43,108,110066,Late
e85f97dd-9444-43fe-beab-7ef90fd1b4f0,1025,12,48,110039,On-Time
e4b18112-073b-4e01-bbd7-11c5d8244f17,1048,19,99,110094,On-Time
90274390-35c6-488e-b120-38ffc1ccdcf4,1000,22,86,110077,On-Time
2755186d-73e3-4dea-ab9c-c91d6d5d9092,1041,38,109,110054,On-Time
25b703ba-50ef-46b9-9b17-033ba432d79a,1050,26,75,110097,On-Time
13cc4a09-fbd3-42e0-bebe-0ab8ee45dba5,1031,46,102,110072,On-Time
1a7bc57b-3e16-4e00-9183-1a22935d2db8,1085,50,89,110042,On-Time
5dedbc2a-898a-48fb-99e7-965d50c79024,1045,7,36,110058,Late
b49e0baf-ac61-4ad2-be94-45769592d6d9,1014,23,98,110064,On-Time
0120d0f9-d2cb-4a5d-96b1-df7bf77326b5,1042,52,73,110023,On-Time
a74d45a9-cdce-4c11-95a1-d1f0ce92548b,1019,20,115,110014,On-Time
e74df497-49b9-4c6f-9a37-97f1c82980e9,1041,43,24,110093,On-Time
d08dabc4-98ee-472a-a906-92a3fcc75daf,1069,32,11,110068,On-Time
b514afc5-94a1-428b-ae29-7b8dfa16e8ff,1024,43,65,110007,On-Time
537537a0-4511-4aea-969c-5018df483e80,1068,9,27,110062,On-Time
c99bdda8-3ac1-435f-99ac-26c2e24114f4,1045,45,56,110030,On-Time
320c5ecf-788c-418f-bc94-45a346e25739,1055,57,11,110096,On-Time
22b6757d-5b1d-4249-91fb-3e4e5a356367,1049,25,91,110069,On-Time
875fe7dd-5425-4da8-bcaf-ebef192d7474,1033,20,11,110091,On-Time
359a8608-b625-4160-83b4-a197e0a31ff4,1053,47,39,110062,On-Time
5d72ccdd-01f1-45fb-916f-c4a357f70c16,1024,44,42,110047,On-Time
ec22932a-5d00-4fc2-933c-b68dbe9bc8c0,1056,35,72,110036,On-Time
5ca2b60e-8064-4d47-996d-14bf25c12b15,1068,5,112,110014,On-Time
704283bd-1ca1-4857-822b-2d3ce413088b,1000,13,84,110085,On-Time
c320f638-67a5-4920-9a7b-44413baff4a4,1083,46,61,110044,On-Time
02372886-a41f-4295-944d-9dc6c29e30e4,1048,41,101,110056,Late
35614227-362d-4933-967f-abaf47bba68e,1080,49,47,110096,On-Time
668ff5fc-b69e-4321-8a0b-33130ffe6129,1023,21,56,110003,Late
51da149f-4c94-4659-94e6-b16232d454c5,1076,32,111,110060,On-Time
a0bc9730-2c21-4d1e-9063-e0c7fcf85f07,1085,46,76,110091,Late
d528ce50-2122-4d85-8592-edd5228043d4,1024,5,52,110040,On-Time
88e9e23f-80eb-4765-81f2-22afef50ec30,1001,37,87,110081,Late
f1119c03-648c-4b5c-8f40-06433eac57d3,1049,9,22,110032,On-Time
b97be67e-b072-46d1-ac8d-d3f9ba334fa6,1092,31,88,110008,On-Time
5dc0fb14-290f-490d-879e-b844fdc7bff7,1018,32,47,110061,On-Time
77288ef5-0b40-4f78-acc5-e67868be48c4,1073,41,80,110004,Late
e617962b-70c3-4f89-9d25-d23c14920068,1090,8,75,110035,On-Time
4dad8278-9c99-45bc-aed4-93022b4d8222,1071,19,62,110020,On-Time
64f23351-f3ac-4a61-b8a9-3cd117f127a4,1090,22,68,110075,On-Time
03da7bba-5a73-42bf-9a7b-e2993e96e022,1046,22,60,110015,On-Time
0472dc5e-f4d7-47f4-b6fa-89a9966aee69,1008,26,52,110082,On-Time
07b963fb-c7ec-4c5f-9ae8-ee59b7e1f0fc,1053,55,76,110031,On-Time
8aaebf8d-a00d-43e4-a107-411f18fcb315,1012,16,39,110001,On-Time
850780d5-fe85-43d5-895f-731de2e6bc54,1025,53,28,110050,On-Time
10cfafdc-8005-48da-a497-8df0635921a8,1023,12,45,110060,On-Time
d70e3242-1649-455a-a824-8b20ec20098c,1018,10,40,110078,On-Time
763847ba-03d6-4b6f-8c02-a0b42ef368c8,1038,34,81,110081,On-Time
e7efd5a3-12f3-4ca4-af9f-df898393869b,1087,37,57,110028,Late
16da6956-0b28-4642-9b4b-07dfdee01337,1074,41,107,110075,On-Time
57bd9a5c-3273-4753-911b-833ead67df33,1090,52,49,110038,Late
ff5fa61e-2670-4065-8eb0-c87d310a7bec,1077,44,118,110037,Late
c256a7b3-f578-48fc-81cd-f7cdc83db7fc,1098,13,19,110027,On-Time
00d76d88-b729-4ed2-bfec-675db3f6d33b,1066,41,46,110091,On-Time
b0eee5d6-25e9-4431-9e5f-7fe4c187cff1,1070,40,84,110037,On-Time
79726145-cd35-422f-a562-61b93318ee42,1023,25,40,110069,On-Time
e07b67c7-16a1-45eb-915b-c2d335de2e93,1069,58,47,110026,On-Time
e72a30ef-fe0e-44c0-aa5f-fc86d17a05fd,1083,31,83,110022,On-Time
288768c0-783a-43cc-8888-4b4c7f15625a,1041,47,113,110037,On-Time
6e796c1a-3a80-46b6-8b69-84ebd0dc3879,1084,6,92,110070,On-Time
5a9d1189-91d5-40de-9189-f2f30dccdeba,1091,5,65,110019,On-Time
c4dcf206-8a20-4f40-a1d3-e3e8c7f31199,1051,43,36,110024,On-Time
084e40d9-7dc5-47fe-846e-0f05990222ee,1033,56,110,110085,On-Time
93f70146-c7e3-4a57-90ae-4a12c5d7aa7d,1029,38,22,110090,On-Time
6a2ac35c-7608-4568-a5c2-8f9f83ce89d2,1088,56,33,110001,On-Time
afe3498d-d4ad-4e47-a28d-0b164f87b8b2,1000,42,19,110068,On-Time
f7c492fc-3d1b-4983-ba5a-f8abe88b43a0,1048,19,12,110096,On-Time
11b1c019-d886-4d49-8297-a8cff2a9ed66,1098,5,77,110045,Late
8de4b365-d12e-4923-91c5-97b7e4e0d685,1034,45,44,110098,On-Time
f9045b94-b4ad-4998-a242-c1157811b36b,1030,40,96,110045,On-Time
ac9ece70-f989-404f-be80-0693cf8b9f20,1072,45,93,110024,Late
9a6535c2-8397-401e-9216-78e9af54e02d,1090,19,44,110065,On-Time
e902882c-a2f8-49c6-9641-d7ead7e3da66,1082,43,83,110068,On-Time
7dcd8960-9ccf-4403-8a8d-cb959e7fdb62,1028,19,79,110022,Late
0adfdcf0-417a-455c-86f0-e753527807b4,1009,37,39,110002,On-Time
834bb810-9a7d-45a1-a9cd-03eedda7b5e5,1029,43,54,110009,On-Time
e73d70dd-b207-4def-816c-2b44fdf20ee9,1086,12,19,110002,On-Time
cd9b9d1b-8025-401e-9a2c-b72885ceb6f6,1074,30,66,110062,On-Time
41357c2f-93ec-4e36-a0bc-0de46100e0cc,1082,52,93,110092,On-Time
77e50637-c3bf-453a-a8a3-67f478e06930,1090,33,77,110074,On-Time
effa3cba-ab5c-4c66-a03a-790d8652c645,1094,56,118,110068,On-Time
a2aca0cc-f6e4-41ef-8f57-01069a302485,1009,41,94,110025,Late
9e3b5eb6-2e8b-4c17-bf32-37d7c6b63470,1009,16,63,110058,On-Time
da26a85a-412a-4079-b6ea-e7d190e67d14,1013,37,60,110070,On-Time
3c45a4a0-3ec2-4b76-ab71-8655b29a2e60,1069,9,105,110096,On-Time
c2fe5e55-af03-41c2-8794-42cd582fc3f7,1083,57,34,110021,On-Time
0067d0d3-5da8-4383-9312-d95f648b47a7,1046,49,61,110039,On-Time
6d62f5ee-879a-4c08-a2ec-aad386cc5167,1014,21,72,110038,On-Time
cf261733-a3e6-4526-b59a-422e7b9e5293,1072,6,115,110091,On-Time
7d965d55-a71f-413e-ae1f-faac1f7110c2,1021,19,111,110029,On-Time
a5983bb9-403f-40c8-9249-a78182a10f34,1016,56,97,110022,On-Time
ed5dbc5b-386a-4a73-82a4-6591d78573fa,1084,18,52,110017,On-Time
bba16f04-52ec-4ef0-858c-03c82d8e7f07,1092,57,104,110080,On-Time
7379589e-fd5a-450f-abe2-32b31f6499bc,1054,42,72,110046,On-Time
e6f68ace-ae28-4329-bd82-8d7092d0dfd7,1002,41,101,110068,On-Time
749b3c17-3d4d-4438-8abd-020926b3bf84,1063,48,32,110042,On-Time
c6440eb6-6b4f-4adf-bafa-256caa56737d,1099,24,99,110019,On-Time
5ecef3b9-77f0-4ae8-b4da-6684d8769d27,1024,57,50,110035,On-Time
45657df0-2a0e-4806-96d2-623a9d1bd711,1091,9,117,110043,On-Time
2a21a6a5-9248-4879-8064-db6603ee08d8,1086,13,13,110053,On-Time
66e01666-be21-480d-b838-06b67bab633c,1049,14,84,110097,On-Time
cec2b595-7cbf-4406-be68-98deb2cf21be,1087,9,77,110017,On-Time
fd58f98d-cfa3-46ed-bd9b-df0c8b57cca3,1038,43,93,110070,On-Time
9559a738-7eb7-441a-bbf9-d12305b6b068,1095,51,108,110037,On-Time
180ddb3e-c98b-47dc-b00f-f6035ad80dda,1049,9,50,110006,On-Time
39a5b8fe-d7b9-45d3-a2ca-76d4cffd3863,1071,12,100,110004,Late
ced19aee-8bc0-4dfc-bc81-86961ff38e84,1020,11,28,110040,Late
fab561e2-100d-494d-a048-4088472ebd3f,1073,36,53,110098,Late
829c1291-3962-4c98-85a3-ae04cf80e715,1025,12,41,110088,On-Time
4e8bc463-f450-4ebc-b6d9-e659304c44a7,1043,53,33,110081,On-Time
ec1cee32-5c6e-4c88-8fe7-08f5e99f63b2,1059,47,18,110019,On-Time
aabd89f8-2def-4efb-a28e-14464041b6ca,1072,17,14,110068,On-Time
e10b0f3f-e34a-44ca-9f04-69bca19a4f09,1062,10,12,110059,On-Time
e300fa2e-b927-4f32-ab3e-7061f4136961,1062,8,77,110047,Late
42afa87a-ad35-4932-a27c-310fad2eaa22,1049,34,109,110079,On-Time
f315d77d-717c-4b77-8f0b-318a6b3e65d4,1071,38,55,110048,Late
9c632f47-e5a4-4dbb-a798-28ebc99d969b,1047,7,119,110085,On-Time
2fc10325-aed3-41b9-bfa5-67f60b977228,1011,38,66,110051,On-Time
6ac74f45-a5a0-48e3-b218-636297ded433,1061,21,88,110026,On-Time
ff7c57a1-0f7a-447e-8cf5-430b612bf676,1089,21,57,110011,On-Time
feb3ae68-bc1e-4965-8316-ef3e7c27fb7a,1021,35,87,110012,On-Time
23b4d55c-ef08-4faa-a0b1-7556199c71cc,1037,8,36,110015,On-Time
967e444c-1a7b-435e-9a8f-4b98c3505ac1,1030,42,74,110082,On-Time
771e1387-7547-4157-876d-d9d1f62776bb,1086,42,83,110038,Late
a53eaea2-c604-4968-8acc-4543328bf22e,1098,23,36,110051,On-Time
2e663a27-6556-4217-ab40-ded6ef53af4e,1050,21,116,110053,On-Time
f1b2dad7-39b4-41ca-8828-b1eca4ee3618,1021,11,87,110002,Late
7b91c953-9b6b-43b6-be9e-89bfff4e1683,1020,53,61,110070,On-Time
8b2697ee-3c80-402e-aba0-3f70fbb03d55,1050,42,106,110011,On-Time
ed5d5c71-f601-4bd5-95be-97cc55275a97,1003,18,17,110092,Late
723391e0-cd28-4141-84da-1c79a000189f,1099,10,20,110054,Late
daf213dd-f3dd-4034-9303-143a653133df,1083,23,84,110056,On-Time
9ebc227e-c85a-4184-829b-347aa4aa8476,1089,7,13,110011,On-Time
ae231a41-37b2-46a4-aa6a-dc74a43c5188,1019,51,35,110062,On-Time
3c1dba7d-1263-453a-80a4-135fb186eaac,1046,7,118,110015,On-Time
f4353e0b-2966-4b61-831b-684e95a89a76,1070,59,71,110045,Late
5f592ebe-9f15-4fda-8abe-9f29a602efde,1005,18,66,110041,On-Time
5c419e01-18ce-46e0-b72c-9cf742bb8a59,1066,31,39,110078,On-Time
fe4d4d0d-cc15-44f2-bf75-c54fe455e719,1043,38,86,110008,On-Time
65b330d1-ebfa-4b60-b74f-032f1ca2d85f,1017,52,93,110084,On-Time
325ae3a4-dd2a-44fd-a022-96e071793a3c,1081,26,97,110041,On-Time
4c9915b7-632c-4f13-af0d-c6eeafc94abb,1063,29,39,110095,Late
b2fd32b2-6e92-4f94-8b90-d9169bc85a97,1092,21,32,110086,On-Time
757f2fc4-2a37-4d63-ab79-be5ee7dbad33,1074,52,70,110017,On-Time
8cc56562-c8e6-480b-afa1-1e6eb75310f5,1007,42,108,110091,On-Time
70430fb8-7c51-41fd-beab-254846e923fb,1031,18,45,110060,Late
9982f491-180c-4487-8588-28107b13312f,1008,10,54,110097,Late
17bf3cba-3366-4e06-804b-1953fca82d08,1056,8,37,110096,On-Time
626aa939-de12-4292-b33f-5f86fd436e37,1004,25,53,110062,On-Time
c1b1b2c0-a704-461b-9128-e859592cf67d,1027,48,16,110043,On-Time
4cb39f1e-361b-4213-b073-dd936eac65dd,1052,36,105,110060,On-Time
839ece51-ebef-49cb-bef0-e1addeda6d90,1075,31,47,110086,On-Time
d17ccdd2-3116-4f6c-b794-cd7ee1480624,1046,7,15,110088,On-Time
8bbfab11-03b6-44ac-be96-c34cf96855ad,1008,37,18,110054,On-Time
0ebc1e15-cab9-435e-9631-63391708c469,1028,56,38,110004,Late
920fdcfa-ce1f-49ed-bf55-a0c4792f8eaa,1069,19,20,110094,On-Time
78fd2c22-16aa-4404-a796-2c41fd8b1a27,1031,48,109,110019,Late
9d1d860c-8f82-4f12-84d5-e94e053628d5,1040,41,112,110018,On-Time
f1eaa58f-8c62-41eb-a546-d9165505619d,1069,42,35,110026,On-Time
d91b13e1-dbff-47a8-9902-5133dd6ed8aa,1055,12,33,110052,On-Time
c10e71e4-24cf-4f81-8535-c3bafee40850,1085,20,84,110071,On-Time
0b752112-eea6-4376-b634-49f23fe6ffcf,1057,30,95,110070,On-Time
95998420-95ba-4d4d-a3ef-53cc88dff653,1068,49,66,110071,On-Time
b8f06582-c1ea-44db-bd72-f1d2c115e31b,1004,12,119,110078,Late
aad4cade-5ee2-4c56-b2d1-65bf21856ca0,1025,51,106,110076,On-Time
c9f05a75-78f4-4a06-9a32-b4290c08408e,1094,25,13,110065,On-Time
4b80c42b-080f-41da-81e6-fd666841f41d,1020,37,78,110018,Late
721d7bec-bcec-40b3-965b-f13458a41e20,1037,43,45,110029,Late
c11cc3e7-3720-493d-8a01-20406330a997,1094,13,55,110071,On-Time
53e43721-4999-4661-8c99-e3f6f15d2edb,1012,19,104,110085,On-Time
7fc4ceb1-560d-4364-930f-06a9bcfc011b,1050,31,119,110092,On-Time
891dd26e-1f08-43ed-bbee-68d3054f6fdc,1097,53,36,110028,Late
84cb7387-3513-409b-8857-020a53f52ea1,1081,54,17,110088,On-Time
b87a49ef-9d74-4724-b8c9-c43675b118a2,1054,40,40,110043,On-Time
fd9a8f34-de34-45b0-afbb-e76de2dec1b0,1024,7,108,110055,Late
1c50da8f-150f-467b-b13f-8c9dd9596f99,1005,47,53,110082,Late
3e363fcb-37c5-4cf1-a9cd-36ae4b4376db,1070,46,105,110019,On-Time
3228d112-2398-44a2-ba08-0eaab725164e,1076,5,71,110090,On-Time
07a9c38d-20d0-4c5d-9efa-ef176c4f0fc8,1001,41,24,110093,On-Time
bfc7bdc4-96c6-4d71-b11e-3aa89908cb0b,1081,30,105,110089,On-Time
beb71dc6-abbc-4239-9d68-29231f8f3cb2,1052,53,38,110052,Late
7f536ee6-7235-4151-a9de-22ba0a9b2cb0,1015,20,75,110065,On-Time
619b84f5-66a7-4cd2-979f-bfec09613774,1001,32,51,110004,On-Time
695c37ec-3dda-46fb-8601-353295b14d92,1057,23,74,110066,Late
28c439b0-1d31-4314-96df-56182f37595d,1060,22,74,110028,On-Time
605f4b95-94f4-4d67-b4cf-5583d72756bc,1020,43,76,110016,On-Time
36c890de-967c-48f6-bc64-27c71ec5aff4,1012,35,94,110074,Late
aa9012c5-dc4e-463b-bc20-1ea5db1a9cd8,1023,8,80,110015,Late
9c756f34-5ca7-430a-9065-56b52b89daf8,1039,24,82,110086,On-Time
c2f5b02f-98da-474d-96ce-ff979dc090ec,1020,37,55,110019,Late
cabc15a1-772c-4012-af00-64aebb6a10d9,1036,11,58,110047,On-Time
2f078568-51ce-4e3b-a005-5984253ef361,1096,37,12,110016,Late
41c28588-5443-4700-b24b-be3760cc2b16,1055,41,28,110019,On-Time
dd13758b-5389-43dd-b067-1cd36f96ecd0,1093,33,41,110068,Late
c63ebfe6-a37c-48ce-a179-9809e209d825,1087,51,28,110003,On-Time
95a51954-6438-42af-9504-a43af24543be,1003,41,39,110005,On-Time
41920f3f-c4c5-442a-943b-fe41709bd119,1000,26,76,110025,On-Time
1302ca0b-1f99-46f5-ade3-25ef4da2e24b,1027,46,83,110081,On-Time
d7498eeb-add7-4ce7-8066-e55a99239fd4,1035,12,17,110071,On-Time
66be0315-6bd6-46a2-a478-b4549e53d800,1095,52,10,110072,On-Time
b2b0d0b2-b2f6-4ea5-afcd-626eb199958a,1033,29,75,110006,On-Time
105fdb5d-e169-423e-a91d-b591a66feb37,1004,51,74,110045,On-Time
76600b80-ac6c-4b33-aa5d-bc1a5416fa7a,1033,20,90,110006,On-Time
460b3816-0d16-44e7-92be-7a2fc98be283,1049,22,70,110078,On-Time
a5cdbeda-e5f6-4204-b281-56730975f8ab,1049,19,14,110022,On-Time
b1f8fbb4-423a-4a14-ba01-6c9b8d0b81cd,1045,50,68,110085,On-Time
635fe1bf-66b6-4551-9ef6-dc40b6016e2f,1062,31,56,110049,On-Time
0580c57f-1a9e-4631-9b15-89eceaa23fc6,1055,23,92,110084,On-Time
30e7e965-69c3-439c-b523-8429425b68d8,1090,37,86,110011,On-Time
f125cc76-28a0-483b-9596-dbc0029638a4,1075,23,45,110048,On-Time
ba1a6a26-aa53-4edc-8bb7-8d8043e8b9a3,1022,14,72,110028,On-Time
0271f88f-a41c-4a38-9b5b-5f171b326c49,1077,29,23,110062,On-Time
8141804d-9c8c-44f6-bd88-28a031f68c27,1094,36,110,110049,On-Time
295c0d89-aaf3-4573-9547-199e7515c7a9,1002,28,70,110016,On-Time
22206bf3-0ee6-4bc2-8c65-298a2c555310,1087,16,37,110076,On-Time
229ad9f3-7eff-4c88-a6fa-478f90ce232c,1063,21,99,110082,Late
4b848c7a-5014-4bb5-a9e2-4cf31bda8e8d,1075,36,78,110071,On-Time
5a011828-804c-4c6c-9bcd-4ea511c4b301,1011,39,98,110066,On-Time
5d9e4e87-d1ba-4644-853f-3c178fcc7d03,1069,12,49,110002,On-Time
06d73b72-8e19-4994-92a8-a89eb8364e66,1015,44,39,110005,On-Time
64b8dc86-2622-4b5d-a4bc-a97b38cd7743,1099,56,48,110064,On-Time
d5afaaa6-79a8-427b-a700-7bd13ebaa23f,1081,33,69,110005,On-Time
c28b9200-f1b6-47eb-a8e0-0c2164b2e5d7,1008,36,89,110015,On-Time
16cb3725-a1ea-4482-a549-127631d8c895,1020,50,106,110093,Late
7d4b017e-5a5d-49bb-8346-a4a4d3e06039,1020,40,23,110083,Late
414ae43f-daab-42a0-bc1a-bd6a26b33eee,1042,55,105,110062,On-Time
a8c7c8a0-4ad1-434e-ab76-b88cd88fb6aa,1050,11,41,110028,On-Time
eeee1232-8eaa-4f87-8b02-a89af500dd55,1059,11,95,110090,Late
4d5dca35-f835-4e12-8fc7-9e2b6f2d5517,1008,53,58,110008,On-Time
555a84c4-6d51-4628-a277-5d9305f15d31,1033,14,105,110096,On-Time
620bd48a-0b61-4e83-b596-aa54b87763e7,1079,49,59,110058,On-Time
319add6a-4b7a-4b24-83e0-3b9312720991,1079,29,93,110014,On-Time
56b2ae6c-2507-419a-b8d5-bc3a7e492a46,1065,18,110,110002,On-Time
0dae65aa-9a4c-4cab-8615-c0071f9b1b2a,1021,27,41,110080,Late
01b8ba78-3a7f-48ff-bd5d-8735fe366580,1034,20,20,110090,On-Time
d2222b20-edb7-4024-b48a-cee1460412c6,1026,30,111,110041,Late
2918c51a-0c2c-46d5-a2e3-da29055cb2b0,1005,46,54,110096,On-Time
176d7c63-a392-477c-8a89-19dfcdb045f5,1065,16,38,110019,On-Time
9a068332-f64f-4974-89cd-f93518910e24,1058,11,86,110034,On-Time
ac92a670-2ed1-49c7-a261-54733e9f1d10,1037,13,18,110033,On-Time
153a1569-1b70-42ff-aa6a-90f4f1bbe6d8,1042,11,94,110061,On-Time
9e4e3fad-22c6-418c-b1ed-68eb270d03f8,1008,6,28,110067,On-Time
0e8ea68c-fea4-44ce-a920-30260107bfb5,1025,15,18,110095,On-Time
02dd44da-6321-4a36-b552-2f4ae1a5a4ca,1081,7,118,110091,On-Time
6febd0a6-e360-4b0d-ac52-11138ce8887a,1082,59,38,110065,On-Time
22a74dfb-3322-49f9-b009-bd54e91525f5,1075,12,60,110088,On-Time
3c7b6399-0f54-4fe8-af24-8b1105967608,1025,53,106,110008,On-Time
e460e004-30a4-4ce8-bea1-b8051e4e0661,1035,44,45,110072,On-Time
09d2926a-e769-4bcc-915d-6eb332ab44ba,1011,46,64,110081,On-Time
3d03284d-ccf9-41af-8ecf-5d866dff6876,1035,15,110,110060,On-Time
7cf82c8d-9994-41d3-b358-2231060a6c40,1073,25,100,110064,Late
245bf784-a870-4de4-b21f-c4aa0bc9de3f,1009,43,86,110052,On-Time
a14efc71-f043-4337-b1a9-8384db10339f,1043,55,62,110022,On-Time
af55c254-5a9a-4e31-b787-bb394b277596,1003,43,46,110047,On-Time
72915ca0-aa82-4a7f-8f27-dad871637888,1071,54,95,110098,On-Time
c06904e5-486a-4675-ac99-720133a4349c,1100,14,117,110075,On-Time
25fa821d-012e-4dd7-98f7-08e862528d82,1028,54,85,110040,On-Time
e73b11d9-c768-4796-bb0b-d90e3a4fa8e5,1053,20,103,110057,On-Time
c3e3330c-0930-4fe2-9c96-abcae0286769,1031,20,85,110007,Late
9eeca3ec-5b32-4d2a-9767-20a305be3d4c,1064,56,19,110047,Late
b523e239-7b22-4482-a499-5492e49c4fee,1078,6,83,110071,On-Time
fa5c04a4-e052-4136-b180-e70e243f656f,1006,30,70,110092,On-Time
87010915-64fe-4ed8-b7f9-51e2b71eee87,1025,38,73,110091,Late
477f638b-a546-4e5e-a554-8fc7ca2b34f3,1031,10,93,110048,On-Time
72cdb8ee-4983-42e4-9487-2cd7c1f8c4a8,1086,44,29,110063,Late
e2792c7c-fb3a-4032-bed3-578c561430d3,1077,43,82,110078,On-Time
a0946691-0c99-418a-a059-330c01e6325a,1001,31,99,110045,On-Time
44a9e491-74a6-48ab-872c-074394c46027,1090,5,56,110075,On-Time
29e9cc1b-6df6-40d9-9f07-fef201d663ca,1083,47,75,110090,Late
35ad3a3a-4117-4de6-8864-70f845fc1a6a,1059,40,84,110077,On-Time
a60c2acb-e01a-42b9-9c9b-695f18d8a778,1052,44,26,110062,On-Time
1c8a3a0a-f6a4-470e-b4e7-db9f8e60a02f,1038,26,67,110085,Late
dca81677-88eb-47c9-a5ee-e9ecceb8c110,1078,38,49,110078,On-Time
efaa8578-5743-4a61-a151-c6ebcb77cd99,1036,27,106,110036,On-Time
df71467b-14cf-4c61-addc-6f0dc9ea3cde,1001,13,77,110032,On-Time
6956618e-257f-4900-a8af-6bd1708f49a9,1070,7,48,110014,On-Time
9a7b2cfb-7980-480c-97de-9c540c624158,1015,33,80,110071,On-Time
ae824332-a9eb-4803-849e-39c674258a29,1019,8,47,110020,On-Time
d5e0f5d3-11fb-4ad3-8e35-9d7cbf818fac,1054,30,42,110061,Late
241e13a2-8919-428d-99f6-42784824d095,1008,37,45,110070,Late
6195a269-f8d5-4614-bb65-4b5c3903429c,1023,34,43,110019,On-Time
f889bb78-808d-4b50-9234-8680040013bf,1019,47,90,110077,On-Time
d3aef4ca-3047-47e1-9095-337596c84ae4,1080,5,86,110057,Late
79f4b3f4-3752-495e-906a-eb1f9295c9f8,1016,48,114,110026,On-Time
aa51b627-3813-4197-8c3e-a46cb7793401,1096,5,75,110092,On-Time
c89473e7-ec35-4d35-a987-815df0d8e87d,1092,51,72,110037,On-Time
6f1612ff-bc77-4470-b802-7ff0665ee6b7,1063,50,105,110047,Late
5a17cd6f-bde2-4980-b8cd-b4c9ff74f158,1023,43,53,110078,Late
5eb3cab2-47e0-465c-8da3-d7db8d877a2d,1065,42,67,110020,On-Time
cfc95d18-720b-4fe6-a4cb-4104fa29fe72,1066,50,65,110066,On-Time
64528cde-f3c4-4c0d-a1b5-7a04e10abdfb,1100,33,60,110098,On-Time
4ef06654-dae3-4cad-bacf-09061072003a,1012,17,41,110019,On-Time
0751b7c1-0b84-49fd-bf7a-4d586f06ff41,1025,26,100,110022,On-Time
f8a1a6b7-ca99-487b-af00-affe3350c3db,1019,9,73,110031,Late
ad2f3130-7226-49fe-b8fd-af9c13ea1307,1041,13,74,110044,On-Time
28f44672-2ae7-43dd-a64f-383bc14aac23,1050,39,74,110028,Late
015f1a05-5e49-41df-b881-08482aea3125,1053,21,26,110041,On-Time
577dcddf-e352-4ffb-b255-021388cf378b,1007,26,65,110089,On-Time
80f491a2-ecbc-481e-9723-8aed5f6b4233,1044,55,87,110071,Late
f901817a-004a-4df9-b7c9-99ab1e8cdf8d,1018,31,22,110019,On-Time
3b8c0cc3-8ffb-407a-89ac-410cea6c168f,1046,16,83,110002,On-Time
98e923f6-b672-4714-936a-583b8cf5bccb,1092,49,115,110053,Late
3d82799c-a0f2-4856-94aa-dd106f1c17e1,1067,25,28,110025,On-Time
4826c288-d53b-4023-b8ad-3bf0ca04a3f0,1002,59,110,110048,On-Time
c54804d9-450a-4d06-a950-5d9ec72182c8,1075,32,93,110076,On-Time
746999e1-408c-4d22-9b85-e79aaaaf0a86,1018,21,63,110016,On-Time
aeb462fc-a02b-40d7-8af4-9fef93b81695,1054,26,12,110097,Late
6a2ac4fc-33f8-4596-bf48-18b5dd919f82,1095,40,113,110017,On-Time
14d36854-f5fe-4e6b-acf4-2058a3899442,1097,49,11,110073,On-Time
a5f36636-5f4e-4a8e-96af-3da557ef2168,1066,40,88,110057,On-Time
967c917f-9d7d-4c83-af55-eaf31ea2376a,1097,56,33,110096,Late
516f1a85-2a30-4af4-a2c8-109154248a99,1032,48,55,110076,On-Time
9f7fc205-2202-4031-8859-fa67107ceba3,1082,17,80,110043,On-Time
ee77c7cc-f79b-43a9-8101-8f25656c3a3a,1060,34,111,110015,On-Time
f8014adb-b641-443d-b702-337c4c49853d,1017,34,93,110022,On-Time
a47b83c0-5387-4c06-931a-a403984c08cc,1041,56,51,110026,On-Time
8e0df598-df92-4aa0-96b9-919136a8fc6b,1100,35,49,110035,On-Time
11764e46-6a6f-4084-ab21-3c641d519056,1014,17,99,110084,On-Time
6be96595-56f1-4eac-b14d-41a0102fe277,1038,45,21,110064,On-Time
5fd9b3af-9189-41a1-aa04-c23fc914d5d7,1036,13,113,110095,On-Time
de4256c9-947d-4fbe-925b-baa78ce98ca4,1093,47,81,110071,On-Time
d0801279-a0a8-4d7a-b795-bbbc411f59a3,1043,32,62,110008,On-Time
2ca61d4e-88e1-4d7f-89b9-d13e47588fe8,1069,5,42,110077,Late
febf839d-1345-4459-9552-bd7517bcd424,1003,53,114,110031,Late
b949e5ab-b1b0-4d4e-b51b-0ffee48b7b83,1027,27,51,110004,On-Time
438105e7-e62f-4a06-afe4-aed785d0d166,1037,24,62,110053,On-Time
818437a8-1fe8-4d42-a960-a548ab2be99e,1063,25,36,110078,Late
b29d273e-0635-47d8-8240-fcb1d1638c7c,1083,46,41,110037,On-Time
3386d871-b0c5-404a-b045-f0d02a1179ed,1017,28,14,110034,On-Time
ec640c57-0cb6-4881-904d-b59cf6b9393b,1047,17,104,110088,On-Time
593de5cc-138b-46d9-96c3-f3166dc1ee07,1071,44,100,110039,On-Time
98eee174-610f-43e9-a4dc-0df9d6084058,1078,23,93,110075,On-Time
97046ecb-f584-4f19-b922-3bde1166f68d,1035,32,43,110062,On-Time
f671e158-a169-48f3-97f0-c9fb29d2a3c3,1088,34,13,110082,Late
012fa6e3-0fa0-46c0-b483-2d2d3d7153a9,1062,6,31,110017,On-Time
257d222b-1db6-439c-b6a5-ca2d0053bc52,1064,24,27,110002,Late
8b1629db-c502-4f59-80b8-710e5dcba542,1012,6,39,110028,On-Time
c32e24ab-ca7f-49c3-bef0-c4738a294a29,1029,5,105,110077,Late
1c77e1b4-611d-42dd-a5b5-392a980969ca,1058,56,119,110074,On-Time
7e35aad1-086e-4827-9039-ba78bb766a1d,1061,22,27,110064,Late
d3f83492-bc21-4e48-b4c6-f797fd63cd03,1009,58,79,110037,On-Time
151ee127-2b9e-4f15-b73f-eaf15e68fde8,1003,14,71,110073,On-Time
7dab658c-2dd3-4d00-b296-7920c2557f0f,1022,48,82,110086,On-Time
7dcc3d7b-fb4c-4399-8457-57a5533304aa,1023,8,71,110018,On-Time
aa7a4d1c-edb8-4999-b6c6-b4d1c2d60219,1004,6,51,110062,Late
80d10a44-bc9d-46f0-be51-dc4d2277903c,1040,20,75,110058,On-Time
56f131db-00de-4cda-9c1c-ab86bf8fecab,1043,36,92,110048,Late
9f0d5337-1ecc-4824-9699-887e7086afca,1051,29,102,110076,On-Time
99f7016e-058d-4277-86e9-73ee3df41593,1042,20,109,110043,On-Time
4a05241d-6029-4eb8-bfaa-bfe021b9d20d,1044,43,74,110087,On-Time
7d1c0ba4-5204-436a-900b-f2978bc96327,1099,8,90,110017,On-Time
0be815d4-acea-421f-8baf-0f452c9c63b0,1052,9,71,110030,On-Time
0a4cfc14-24e3-4e1a-aac1-55993ab1bb63,1082,50,44,110090,On-Time
bcc18346-7a93-461a-997e-e912e197ac86,1056,14,79,110033,On-Time
d3522ebe-3a78-420b-865d-61f1f18e1884,1095,56,47,110008,On-Time
f05b41ce-e255-48d7-a92f-efd8537dbddf,1064,19,94,110044,On-Time
29d2ee36-c2b9-4152-a732-3c627f187211,1069,40,97,110022,On-Time
5311814d-1a51-4b91-b674-322bab75e3d1,1100,44,18,110057,On-Time
c141cc46-0c4a-4c9b-9ccb-c8e77cda5c98,1061,31,30,110028,On-Time
a26eac58-a738-4ef8-a716-97b7bb5ff1ad,1024,32,26,110036,On-Time
9a6d451c-4257-46c9-b6f1-6c64740c5c38,1080,11,30,110040,On-Time
92d6ec8f-60fc-46d1-acf9-16b7118b132c,1028,36,52,110016,On-Time
c9285b06-2674-49d2-b858-f0694d61fa9d,1083,46,108,110078,On-Time
386f0b5a-4186-4bb6-8006-f05e6c4c2995,1057,8,89,110049,On-Time
e858baf6-6a7b-460f-993d-6f98e86b898d,1064,17,85,110093,On-Time
3cbace18-48b3-4fda-9d6d-24cfd4338d32,1012,35,34,110075,On-Time
6417c88c-86c1-41e3-a758-7be69ec78949,1063,14,73,110054,On-Time
6ca4055d-e0bd-414f-9199-4eac314219d6,1065,9,35,110090,On-Time
e7f50237-cefa-482e-9d53-e3861ee3a1b3,1069,51,108,110073,On-Time
0bda799c-e3a4-4b5c-8980-64f6c9195590,1007,32,85,110049,On-Time
b0f3dc5c-f4bc-494a-93a9-0711815d1ebb,1099,29,53,110056,On-Time
75c09e1b-ad7e-4727-aefb-ee48dd6ef7f6,1004,54,57,110033,On-Time
77f13ecc-2a60-4e82-938b-f7dd20847e28,1085,50,118,110026,On-Time
fc0e6e30-f53f-4400-aa6c-3969350030d4,1075,32,57,110045,On-Time
646b22da-911b-4aad-8972-e9d6b4a71460,1029,45,102,110081,On-Time
b5642a73-ee61-4854-a604-b6512fa9d04a,1079,46,32,110078,On-Time
d0a55c76-721a-4742-8a2d-9b625b77b349,1083,24,77,110075,On-Time
8f07ddd1-b789-4754-b5af-258281487e62,1088,9,57,110014,Late
397b3f98-1782-4f21-aca8-6a397cf1be29,1058,18,31,110054,On-Time
daeb0818-57b1-4a49-be0d-f7f1a8163dc7,1029,9,28,110077,On-Time
551a9cc6-5699-4f82-9150-c24a6744d68a,1032,19,107,110076,On-Time
3b173ed3-5e45-4f1e-990d-ede4e0bf4aa1,1045,8,41,110026,On-Time
f1197f11-36e1-48fe-b40b-3af2c9e3d23e,1009,29,79,110052,Late
2fd221be-d951-4519-9426-f0e710981fd2,1061,27,14,110076,Late
98751f5b-be49-403a-8cc5-3de2d6ea96bf,1001,27,45,110078,Late
6dfb10df-fff7-4724-b042-e3d53d38fdc1,1099,20,26,110081,On-Time
aafc6d47-f144-4852-b1d7-f07d19ad7d75,1044,11,16,110094,On-Time
4f1989f6-7449-4717-a477-2e12fffe5165,1044,57,64,110076,On-Time
46185c34-c425-4ba6-8acd-7cfd48c7d638,1037,39,17,110001,On-Time
c14295a1-9663-4db2-b99c-1d0321f768e3,1012,19,110,110095,Late
8dbddab0-c355-41d3-9361-3a08773c0579,1099,43,22,110032,On-Time
1b236ff4-dc8c-465f-8cd9-d3faa61630a9,1078,5,84,110025,Late
b22fa1b7-b751-4147-9f42-a90709d7cdb0,1063,46,99,110057,On-Time
3dfc3695-8319-4e4d-b265-214ca9eb8ba4,1077,29,15,110097,On-Time
52a3dffb-73e1-4681-903e-e9a9de654075,1084,18,56,110053,On-Time
8264a482-5b06-468b-ac29-14698eff9d4d,1045,20,86,110065,Late
69b341ea-ccee-42fd-99ae-fe869fe7cd38,1087,9,63,110003,On-Time
e8747295-4d10-42b7-ba72-c34b3d1453ab,1100,37,31,110066,On-Time
dc5a6b54-843f-4b71-babf-772e1973309c,1066,14,12,110083,On-Time
666d0c5d-b0c4-4da1-b9a9-09a8a76d8598,1009,54,85,110095,On-Time
4462c06c-a686-4b07-8e7e-cf3655328276,1009,34,111,110026,On-Time
6aa215b6-40fd-4194-b23a-35e880af1460,1076,18,117,110021,On-Time
df5c88e6-411f-4db4-9297-bb65a748732e,1024,46,47,110021,On-Time
c6d2f71e-c4f6-4cd4-9fbc-03227e451186,1019,29,104,110047,Late
a78beac8-3496-4117-8782-bfb5748bd9c1,1062,53,95,110072,On-Time
c156ac57-d078-4482-8372-4b893b9e0ba0,1028,30,63,110033,On-Time
163ebb7c-a28a-4e6e-bb11-b364a36d8662,1036,33,16,110072,On-Time
90dfef84-ce60-49fb-a728-e1dddca71cea,1014,46,43,110070,Late
d3789237-a228-487c-9ba7-fcd6af28a813,1013,55,92,110033,On-Time
cb8a2069-e1f4-427a-a8fe-b1df970160cc,1000,43,99,110029,On-Time
ee433e0d-9190-4910-aa27-af98224b7f17,1097,5,48,110092,On-Time
e82e4949-4c94-4bb9-9784-9283235a9de3,1051,58,50,110074,On-Time
8f4d55f6-e1c3-4d90-995d-addbc1f35fc5,1030,31,73,110088,On-Time
602b8677-d798-406f-82b3-ae3f29a9506b,1047,13,63,110003,On-Time
70df6948-9e55-4ee6-b2a2-e6fa3363b190,1076,22,59,110073,On-Time
0929f614-5742-4e2d-9c20-8cf2772bc16b,1085,5,66,110082,On-Time
88161847-8559-4e6d-a0dc-0fed507d49b7,1013,52,52,110053,On-Time
31b42a83-c58a-4675-91a4-ce24e2d58013,1096,24,106,110066,Late
597795ad-78e6-4260-97ed-8c6f9f1a9941,1094,38,113,110057,On-Time
1efd7ad2-979d-45c8-8c0e-610ba5a6a0df,1050,49,31,110033,On-Time
6424edb5-d134-4662-9951-f188d0ba050a,1028,36,71,110058,On-Time
4d109aab-d31c-46d6-9f49-a93de6cac879,1016,11,58,110042,Late
0d6f1fe1-68d7-4159-ad51-0bbd5d07e5d8,1081,39,70,110036,On-Time
b7cb9122-eb1f-4d53-b9fd-3124c469a527,1030,47,28,110031,On-Time
329d1f2f-b078-491a-9a5a-766d86fcc32c,1093,46,71,110021,Late
c88b819a-a0a8-4941-aa04-ea497ece2f18,1054,55,35,110060,On-Time
58b7f193-b2dc-4679-b9d9-48157f43fa3a,1005,11,100,110021,On-Time
49e85341-2eab-4817-b92a-cbf5fa13e7ac,1048,53,24,110088,On-Time
